[
    {
        "pnl_daily": 9170.007392,
        "total_commission": 798.801442,
        "pnl": 9170.007392,
        "pnl_mtd": 9170.007392,
        "pnl_ytd": 0.0,
        "market_value": 8770.715947,
        "realized_pnl": 8947.534441,
        "unrealized_pnl": 222.472951,
        "net_cost": 204640.894376,
        "positions": [
            {
                "symbol": "XRP/USDT",
                "avg_price": 0.434073,
                "quantity": 19693.1,
                "total_commission": 798.801442,
                "created_at": "2021-03-01 06:00:00+08:00",
                "updated_at": "2021-03-01 23:45:00+08:00",
                "pnl": 9170.007392,
                "pnl_mtd": 9170.007392,
                "pnl_ytd": 0.0,
                "market_value": 8770.715947,
                "realized_pnl": 8947.534441,
                "unrealized_pnl": 222.472951,
                "net_cost": 204640.894376,
                "currency": "USD",
                "asset_type": "Crypto",
                "pnl_daily": 9170.007392,
                "latest_price": 0.44537
            }
        ],
        "number_of_holdings": 1,
        "datetime": "2021-03-01 23:45:00+08:00",
        "available_cash": 199600.396241,
        "total_asset": 208371.112188
    },
    {
        "pnl_daily": -782.895113,
        "total_commission": 1397.403513,
        "pnl": 8387.112279,
        "pnl_mtd": 8387.112279,
        "pnl_ytd": -782.895113,
        "market_value": 206989.65466,
        "realized_pnl": 11245.631334,
        "unrealized_pnl": -2858.519055,
        "net_cost": 207949.322568,
        "positions": [
            {
                "symbol": "XRP/USDT",
                "avg_price": 0.441717,
                "quantity": 475073.8,
                "total_commission": 1397.403513,
                "created_at": "2021-03-01 06:00:00+08:00",
                "updated_at": "2021-03-02 23:45:00+08:00",
                "pnl": 8387.112279,
                "pnl_mtd": 8387.112279,
                "pnl_ytd": -782.895113,
                "market_value": 206989.65466,
                "realized_pnl": 11245.631334,
                "unrealized_pnl": -2858.519055,
                "net_cost": 207949.322568,
                "currency": "USD",
                "asset_type": "Crypto",
                "pnl_daily": -782.895113,
                "latest_price": 0.4357
            }
        ],
        "number_of_holdings": 1,
        "datetime": "2021-03-02 23:45:00+08:00",
        "available_cash": 0.014905,
        "total_asset": 206989.669565
    },
    {
        "pnl_daily": 8138.554783,
        "total_commission": 1597.203674,
        "pnl": 16525.667062,
        "pnl_mtd": 16525.667062,
        "pnl_ytd": 7355.65967,
        "market_value": 15328.048878,
        "realized_pnl": 16295.196042,
        "unrealized_pnl": 230.47102,
        "net_cost": 209848.173715,
        "positions": [
            {
                "symbol": "XRP/USDT",
                "avg_price": 0.441717,
                "quantity": 34179.3,
                "total_commission": 1597.203674,
                "created_at": "2021-03-01 06:00:00+08:00",
                "updated_at": "2021-03-03 23:45:00+08:00",
                "pnl": 16525.667062,
                "pnl_mtd": 16525.667062,
                "pnl_ytd": 7355.65967,
                "market_value": 15328.048878,
                "realized_pnl": 16295.196042,
                "unrealized_pnl": 230.47102,
                "net_cost": 209848.173715,
                "currency": "USD",
                "asset_type": "Crypto",
                "pnl_daily": 8138.554783,
                "latest_price": 0.44846
            }
        ],
        "number_of_holdings": 1,
        "datetime": "2021-03-03 23:45:00+08:00",
        "available_cash": 199600.375309,
        "total_asset": 214928.424187
    },
    {
        "pnl_daily": 4735.329191,
        "total_commission": 1996.404739,
        "pnl": 21260.996253,
        "pnl_mtd": 21260.996253,
        "pnl_ytd": 12090.988861,
        "market_value": 19664.338176,
        "realized_pnl": 19959.566719,
        "unrealized_pnl": 1301.429534,
        "net_cost": 214498.665765,
        "positions": [
            {
                "symbol": "XRP/USDT",
                "avg_price": 0.449129,
                "quantity": 40885.6,
                "total_commission": 1996.404739,
                "created_at": "2021-03-01 06:00:00+08:00",
                "updated_at": "2021-03-04 23:45:00+08:00",
                "pnl": 21260.996253,
                "pnl_mtd": 21260.996253,
                "pnl_ytd": 12090.988861,
                "market_value": 19664.338176,
                "realized_pnl": 19959.566719,
                "unrealized_pnl": 1301.429534,
                "net_cost": 214498.665765,
                "currency": "USD",
                "asset_type": "Crypto",
                "pnl_daily": 4735.329191,
                "latest_price": 0.48096
            }
        ],
        "number_of_holdings": 1,
        "datetime": "2021-03-04 23:45:00+08:00",
        "available_cash": 199600.364684,
        "total_asset": 219264.70286
    },
    {
        "pnl_daily": 5643.515756,
        "total_commission": 2994.207883,
        "pnl": 26904.512009,
        "pnl_mtd": 26904.512009,
        "pnl_ytd": 17734.504617,
        "market_value": 223910.772347,
        "realized_pnl": 26964.606415,
        "unrealized_pnl": -60.094406,
        "net_cost": 222981.300088,
        "positions": [
            {
                "symbol": "XRP/USDT",
                "avg_price": 0.454692,
                "quantity": 492577.1,
                "total_commission": 2994.207883,
                "created_at": "2021-03-01 06:00:00+08:00",
                "updated_at": "2021-03-05 23:45:00+08:00",
                "pnl": 26904.512009,
                "pnl_mtd": 26904.512009,
                "pnl_ytd": 17734.504617,
                "market_value": 223910.772347,
                "realized_pnl": 26964.606415,
                "unrealized_pnl": -60.094406,
                "net_cost": 222981.300088,
                "currency": "USD",
                "asset_type": "Crypto",
                "pnl_daily": 5643.515756,
                "latest_price": 0.45457
            }
        ],
        "number_of_holdings": 1,
        "datetime": "2021-03-05 23:45:00+08:00",
        "available_cash": 0.005641,
        "total_asset": 223910.777988
    },
    {
        "pnl_daily": 3567.374507,
        "total_commission": 3593.20913,
        "pnl": 30471.886516,
        "pnl_mtd": 30471.886516,
        "pnl_ytd": 21301.879124,
        "market_value": 27278.99045,
        "realized_pnl": 30212.68159,
        "unrealized_pnl": 259.204926,
        "net_cost": 225066.923456,
        "positions": [
            {
                "symbol": "XRP/USDT",
                "avg_price": 0.458452,
                "quantity": 58937.0,
                "total_commission": 3593.20913,
                "created_at": "2021-03-01 06:00:00+08:00",
                "updated_at": "2021-03-06 23:45:00+08:00",
                "pnl": 30471.886516,
                "pnl_mtd": 30471.886516,
                "pnl_ytd": 21301.879124,
                "market_value": 27278.99045,
                "realized_pnl": 30212.68159,
                "unrealized_pnl": 259.204926,
                "net_cost": 225066.923456,
                "currency": "USD",
                "asset_type": "Crypto",
                "pnl_daily": 3567.374507,
                "latest_price": 0.46285
            }
        ],
        "number_of_holdings": 1,
        "datetime": "2021-03-06 23:45:00+08:00",
        "available_cash": 199600.372666,
        "total_asset": 226879.363116
    },
    {
        "pnl_daily": 1783.073746,
        "total_commission": 3992.41026,
        "pnl": 32254.960262,
        "pnl_mtd": 32254.960262,
        "pnl_ytd": 23084.95287,
        "market_value": 28662.73433,
        "realized_pnl": 31973.122559,
        "unrealized_pnl": 281.837703,
        "net_cost": 226420.625198,
        "positions": [
            {
                "symbol": "XRP/USDT",
                "avg_price": 0.461002,
                "quantity": 61563.5,
                "total_commission": 3992.41026,
                "created_at": "2021-03-01 06:00:00+08:00",
                "updated_at": "2021-03-07 23:45:00+08:00",
                "pnl": 32254.960262,
                "pnl_mtd": 32254.960262,
                "pnl_ytd": 23084.95287,
                "market_value": 28662.73433,
                "realized_pnl": 31973.122559,
                "unrealized_pnl": 281.837703,
                "net_cost": 226420.625198,
                "currency": "USD",
                "asset_type": "Crypto",
                "pnl_daily": 1783.073746,
                "latest_price": 0.46558
            }
        ],
        "number_of_holdings": 1,
        "datetime": "2021-03-07 23:45:00+08:00",
        "available_cash": 199600.381011,
        "total_asset": 228263.115341
    },
    {
        "pnl_daily": 6798.396651,
        "total_commission": 4391.611425,
        "pnl": 39053.356913,
        "pnl_mtd": 39053.356913,
        "pnl_ytd": 29883.349521,
        "market_value": 35061.790356,
        "realized_pnl": 38309.480786,
        "unrealized_pnl": 743.876127,
        "net_cost": 227781.743108,
        "positions": [
            {
                "symbol": "XRP/USDT",
                "avg_price": 0.464061,
                "quantity": 73951.3,
                "total_commission": 4391.611425,
                "created_at": "2021-03-01 06:00:00+08:00",
                "updated_at": "2021-03-08 23:45:00+08:00",
                "pnl": 39053.356913,
                "pnl_mtd": 39053.356913,
                "pnl_ytd": 29883.349521,
                "market_value": 35061.790356,
                "realized_pnl": 38309.480786,
                "unrealized_pnl": 743.876127,
                "net_cost": 227781.743108,
                "currency": "USD",
                "asset_type": "Crypto",
                "pnl_daily": 6798.396651,
                "latest_price": 0.47412
            }
        ],
        "number_of_holdings": 1,
        "datetime": "2021-03-08 23:45:00+08:00",
        "available_cash": 199600.388902,
        "total_asset": 234662.179258
    },
    {
        "pnl_daily": 3063.700717,
        "total_commission": 4591.012379,
        "pnl": 42117.05763,
        "pnl_mtd": 42117.05763,
        "pnl_ytd": 32947.050238,
        "market_value": 237526.56785,
        "realized_pnl": 38309.480786,
        "unrealized_pnl": 3807.576844,
        "net_cost": 227781.743108,
        "positions": [
            {
                "symbol": "XRP/USDT",
                "avg_price": 0.477127,
                "quantity": 489846.5,
                "total_commission": 4591.012379,
                "created_at": "2021-03-01 06:00:00+08:00",
                "updated_at": "2021-03-09 23:45:00+08:00",
                "pnl": 42117.05763,
                "pnl_mtd": 42117.05763,
                "pnl_ytd": 32947.050238,
                "market_value": 237526.56785,
                "realized_pnl": 38309.480786,
                "unrealized_pnl": 3807.576844,
                "net_cost": 227781.743108,
                "currency": "USD",
                "asset_type": "Crypto",
                "pnl_daily": 3063.700717,
                "latest_price": 0.4849
            }
        ],
        "number_of_holdings": 1,
        "datetime": "2021-03-09 23:45:00+08:00",
        "available_cash": 0.034308,
        "total_asset": 237526.602158
    },
    {
        "pnl_daily": -11437.915775,
        "total_commission": 4591.012379,
        "pnl": 30679.141855,
        "pnl_mtd": 30679.141855,
        "pnl_ytd": 21509.134463,
        "market_value": 226088.652075,
        "realized_pnl": 38309.480786,
        "unrealized_pnl": -7630.338931,
        "net_cost": 227781.743108,
        "positions": [
            {
                "symbol": "XRP/USDT",
                "avg_price": 0.477127,
                "quantity": 489846.5,
                "total_commission": 4591.012379,
                "created_at": "2021-03-01 06:00:00+08:00",
                "updated_at": "2021-03-10 23:45:00+08:00",
                "pnl": 30679.141855,
                "pnl_mtd": 30679.141855,
                "pnl_ytd": 21509.134463,
                "market_value": 226088.652075,
                "realized_pnl": 38309.480786,
                "unrealized_pnl": -7630.338931,
                "net_cost": 227781.743108,
                "currency": "USD",
                "asset_type": "Crypto",
                "pnl_daily": -11437.915775,
                "latest_price": 0.46155
            }
        ],
        "number_of_holdings": 1,
        "datetime": "2021-03-10 23:45:00+08:00",
        "available_cash": 0.034308,
        "total_asset": 226088.686383
    },
    {
        "pnl_daily": -4741.71412,
        "total_commission": 4591.012379,
        "pnl": 25937.427735,
        "pnl_mtd": 25937.427735,
        "pnl_ytd": 16767.420343,
        "market_value": 221346.937955,
        "realized_pnl": 38309.480786,
        "unrealized_pnl": -12372.053051,
        "net_cost": 227781.743108,
        "positions": [
            {
                "symbol": "XRP/USDT",
                "avg_price": 0.477127,
                "quantity": 489846.5,
                "total_commission": 4591.012379,
                "created_at": "2021-03-01 06:00:00+08:00",
                "updated_at": "2021-03-11 23:45:00+08:00",
                "pnl": 25937.427735,
                "pnl_mtd": 25937.427735,
                "pnl_ytd": 16767.420343,
                "market_value": 221346.937955,
                "realized_pnl": 38309.480786,
                "unrealized_pnl": -12372.053051,
                "net_cost": 227781.743108,
                "currency": "USD",
                "asset_type": "Crypto",
                "pnl_daily": -4741.71412,
                "latest_price": 0.45187
            }
        ],
        "number_of_holdings": 1,
        "datetime": "2021-03-11 23:45:00+08:00",
        "available_cash": 0.034308,
        "total_asset": 221346.972263
    },
    {
        "pnl_daily": -827.840584,
        "total_commission": 4591.012379,
        "pnl": 25109.587151,
        "pnl_mtd": 25109.587151,
        "pnl_ytd": 15939.579759,
        "market_value": 220519.09737,
        "realized_pnl": 38309.480786,
        "unrealized_pnl": -13199.893635,
        "net_cost": 227781.743108,
        "positions": [
            {
                "symbol": "XRP/USDT",
                "avg_price": 0.477127,
                "quantity": 489846.5,
                "total_commission": 4591.012379,
                "created_at": "2021-03-01 06:00:00+08:00",
                "updated_at": "2021-03-12 00:00:00+08:00",
                "pnl": 25109.587151,
                "pnl_mtd": 25109.587151,
                "pnl_ytd": 15939.579759,
                "market_value": 220519.09737,
                "realized_pnl": 38309.480786,
                "unrealized_pnl": -13199.893635,
                "net_cost": 227781.743108,
                "currency": "USD",
                "asset_type": "Crypto",
                "pnl_daily": -827.840584,
                "latest_price": 0.45018
            }
        ],
        "number_of_holdings": 1,
        "datetime": "2021-03-12 00:00:00+08:00",
        "available_cash": 0.034308,
        "total_asset": 220519.131678
    }
]