[
    {
        "code": "XRP/USDT",
        "id": 1,
        "price": 0.41808,
        "stop_price": null,
        "created_at": "2021-03-01 06:00:00+08:00",
        "updated_at": "2021-03-01 06:00:00+08:00",
        "side": "BUY",
        "asset_type": "Crypto",
        "order_type": "MARKET",
        "currency": "USD",
        "msg": "",
        "ioc": false,
        "commission": 199.800181,
        "quantity": 477899.4,
        "init_quantity": 477899.4,
        "cost": 199800.181152,
        "pnl": 0,
        "remain_ttl": "gtc",
        "ttl": "gtc",
        "is_open": true,
        "done": true,
        "pnl_net": -199.800181
    },
    {
        "code": "XRP/USDT",
        "id": 2,
        "price": 0.42934,
        "stop_price": null,
        "created_at": "2021-03-01 09:00:00+08:00",
        "updated_at": "2021-03-01 09:00:00+08:00",
        "side": "SELL",
        "asset_type": "Crypto",
        "order_type": "MARKET",
        "currency": "USD",
        "msg": "",
        "ioc": true,
        "commission": 199.800153,
        "quantity": 465365.8,
        "init_quantity": 465365.8,
        "cost": 199800.152572,
        "pnl": 5240.018907999996,
        "remain_ttl": "gtc",
        "ttl": "gtc",
        "is_open": false,
        "done": true,
        "pnl_net": 5040.218754999996
    },
    {
        "code": "XRP/USDT",
        "id": 3,
        "price": 0.43451,
        "stop_price": null,
        "created_at": "2021-03-01 18:15:00+08:00",
        "updated_at": "2021-03-01 18:15:00+08:00",
        "side": "BUY",
        "asset_type": "Crypto",
        "order_type": "MARKET",
        "currency": "USD",
        "msg": "",
        "ioc": false,
        "commission": 199.400941,
        "quantity": 458909.9,
        "init_quantity": 458909.9,
        "cost": 199400.940649,
        "pnl": 0,
        "remain_ttl": "gtc",
        "ttl": "gtc",
        "is_open": true,
        "done": true,
        "pnl_net": -199.400941
    },
    {
        "code": "XRP/USDT",
        "id": 4,
        "price": 0.44228,
        "stop_price": null,
        "created_at": "2021-03-01 21:45:00+08:00",
        "updated_at": "2021-03-01 21:45:00+08:00",
        "side": "SELL",
        "asset_type": "Crypto",
        "order_type": "MARKET",
        "currency": "USD",
        "msg": "",
        "ioc": true,
        "commission": 199.800167,
        "quantity": 451750.4,
        "init_quantity": 451750.4,
        "cost": 199800.166912,
        "pnl": 3707.515532800009,
        "remain_ttl": "gtc",
        "ttl": "gtc",
        "is_open": false,
        "done": true,
        "pnl_net": 3507.7153658000093
    },
    {
        "code": "XRP/USDT",
        "id": 5,
        "price": 0.44001,
        "stop_price": null,
        "created_at": "2021-03-02 03:45:00+08:00",
        "updated_at": "2021-03-02 03:45:00+08:00",
        "side": "BUY",
        "asset_type": "Crypto",
        "order_type": "MARKET",
        "currency": "USD",
        "msg": "",
        "ioc": false,
        "commission": 199.40096,
        "quantity": 453173.7,
        "init_quantity": 453173.7,
        "cost": 199400.959737,
        "pnl": 0,
        "remain_ttl": "gtc",
        "ttl": "gtc",
        "is_open": true,
        "done": true,
        "pnl_net": -199.40096
    },
    {
        "code": "XRP/USDT",
        "id": 6,
        "price": 0.44488,
        "stop_price": null,
        "created_at": "2021-03-02 09:00:00+08:00",
        "updated_at": "2021-03-02 09:00:00+08:00",
        "side": "SELL",
        "asset_type": "Crypto",
        "order_type": "MARKET",
        "currency": "USD",
        "msg": "",
        "ioc": true,
        "commission": 199.800146,
        "quantity": 449110.2,
        "init_quantity": 449110.2,
        "cost": 199800.145776,
        "pnl": 2298.0968933999925,
        "remain_ttl": "gtc",
        "ttl": "gtc",
        "is_open": false,
        "done": true,
        "pnl_net": 2098.2967473999925
    },
    {
        "code": "XRP/USDT",
        "id": 7,
        "price": 0.44182,
        "stop_price": null,
        "created_at": "2021-03-02 15:45:00+08:00",
        "updated_at": "2021-03-02 15:45:00+08:00",
        "side": "BUY",
        "asset_type": "Crypto",
        "order_type": "MARKET",
        "currency": "USD",
        "msg": "",
        "ioc": false,
        "commission": 199.400965,
        "quantity": 451317.2,
        "init_quantity": 451317.2,
        "cost": 199400.965304,
        "pnl": 0,
        "remain_ttl": "gtc",
        "ttl": "gtc",
        "is_open": true,
        "done": true,
        "pnl_net": -199.400965
    },
    {
        "code": "XRP/USDT",
        "id": 8,
        "price": 0.45317,
        "stop_price": null,
        "created_at": "2021-03-03 17:00:00+08:00",
        "updated_at": "2021-03-03 17:00:00+08:00",
        "side": "SELL",
        "asset_type": "Crypto",
        "order_type": "MARKET",
        "currency": "USD",
        "msg": "",
        "ioc": true,
        "commission": 199.800161,
        "quantity": 440894.5,
        "init_quantity": 440894.5,
        "cost": 199800.160565,
        "pnl": 5049.564708499996,
        "remain_ttl": "gtc",
        "ttl": "gtc",
        "is_open": false,
        "done": true,
        "pnl_net": 4849.764547499996
    },
    {
        "code": "XRP/USDT",
        "id": 9,
        "price": 0.4497,
        "stop_price": null,
        "created_at": "2021-03-04 09:45:00+08:00",
        "updated_at": "2021-03-04 09:45:00+08:00",
        "side": "BUY",
        "asset_type": "Crypto",
        "order_type": "MARKET",
        "currency": "USD",
        "msg": "",
        "ioc": false,
        "commission": 199.400937,
        "quantity": 443408.8,
        "init_quantity": 443408.8,
        "cost": 199400.93736,
        "pnl": 0,
        "remain_ttl": "gtc",
        "ttl": "gtc",
        "is_open": true,
        "done": true,
        "pnl_net": -199.400937
    },
    {
        "code": "XRP/USDT",
        "id": 10,
        "price": 0.45752,
        "stop_price": null,
        "created_at": "2021-03-04 14:30:00+08:00",
        "updated_at": "2021-03-04 14:30:00+08:00",
        "side": "SELL",
        "asset_type": "Crypto",
        "order_type": "MARKET",
        "currency": "USD",
        "msg": "",
        "ioc": true,
        "commission": 199.800128,
        "quantity": 436702.5,
        "init_quantity": 436702.5,
        "cost": 199800.1278,
        "pnl": 3664.370677499992,
        "remain_ttl": "gtc",
        "ttl": "gtc",
        "is_open": false,
        "done": true,
        "pnl_net": 3464.570549499992
    },
    {
        "code": "XRP/USDT",
        "id": 11,
        "price": 0.44983,
        "stop_price": null,
        "created_at": "2021-03-05 01:00:00+08:00",
        "updated_at": "2021-03-05 01:00:00+08:00",
        "side": "BUY",
        "asset_type": "Crypto",
        "order_type": "MARKET",
        "currency": "USD",
        "msg": "",
        "ioc": false,
        "commission": 199.400957,
        "quantity": 443280.7,
        "init_quantity": 443280.7,
        "cost": 199400.957281,
        "pnl": 0,
        "remain_ttl": "gtc",
        "ttl": "gtc",
        "is_open": true,
        "done": true,
        "pnl_net": -199.400957
    },
    {
        "code": "XRP/USDT",
        "id": 12,
        "price": 0.46278,
        "stop_price": null,
        "created_at": "2021-03-05 04:00:00+08:00",
        "updated_at": "2021-03-05 04:00:00+08:00",
        "side": "SELL",
        "asset_type": "Crypto",
        "order_type": "MARKET",
        "currency": "USD",
        "msg": "",
        "ioc": true,
        "commission": 199.800174,
        "quantity": 431739.0,
        "init_quantity": 431739.0,
        "cost": 199800.17442,
        "pnl": 5616.4926510000205,
        "remain_ttl": "gtc",
        "ttl": "gtc",
        "is_open": false,
        "done": true,
        "pnl_net": 5416.6924770000205
    },
    {
        "code": "XRP/USDT",
        "id": 13,
        "price": 0.45639,
        "stop_price": null,
        "created_at": "2021-03-05 07:15:00+08:00",
        "updated_at": "2021-03-05 07:15:00+08:00",
        "side": "BUY",
        "asset_type": "Crypto",
        "order_type": "MARKET",
        "currency": "USD",
        "msg": "",
        "ioc": false,
        "commission": 199.400944,
        "quantity": 436909.1,
        "init_quantity": 436909.1,
        "cost": 199400.944149,
        "pnl": 0,
        "remain_ttl": "gtc",
        "ttl": "gtc",
        "is_open": true,
        "done": true,
        "pnl_net": -199.400944
    },
    {
        "code": "XRP/USDT",
        "id": 14,
        "price": 0.45887,
        "stop_price": null,
        "created_at": "2021-03-05 19:30:00+08:00",
        "updated_at": "2021-03-05 19:30:00+08:00",
        "side": "SELL",
        "asset_type": "Crypto",
        "order_type": "MARKET",
        "currency": "USD",
        "msg": "",
        "ioc": true,
        "commission": 199.80012,
        "quantity": 435417.7,
        "init_quantity": 435417.7,
        "cost": 199800.119999,
        "pnl": 1388.547045299999,
        "remain_ttl": "gtc",
        "ttl": "gtc",
        "is_open": false,
        "done": true,
        "pnl_net": 1188.746925299999
    },
    {
        "code": "XRP/USDT",
        "id": 15,
        "price": 0.45457,
        "stop_price": null,
        "created_at": "2021-03-05 23:45:00+08:00",
        "updated_at": "2021-03-05 23:45:00+08:00",
        "side": "BUY",
        "asset_type": "Crypto",
        "order_type": "MARKET",
        "currency": "USD",
        "msg": "",
        "ioc": false,
        "commission": 199.400949,
        "quantity": 438658.4,
        "init_quantity": 438658.4,
        "cost": 199400.948888,
        "pnl": 0,
        "remain_ttl": "gtc",
        "ttl": "gtc",
        "is_open": true,
        "done": true,
        "pnl_net": -199.400949
    },
    {
        "code": "XRP/USDT",
        "id": 16,
        "price": 0.45812,
        "stop_price": null,
        "created_at": "2021-03-06 17:30:00+08:00",
        "updated_at": "2021-03-06 17:30:00+08:00",
        "side": "SELL",
        "asset_type": "Crypto",
        "order_type": "MARKET",
        "currency": "USD",
        "msg": "",
        "ioc": true,
        "commission": 199.80015,
        "quantity": 436130.6,
        "init_quantity": 436130.6,
        "cost": 199800.150472,
        "pnl": 1495.0556968000183,
        "remain_ttl": "gtc",
        "ttl": "gtc",
        "is_open": false,
        "done": true,
        "pnl_net": 1295.2555468000182
    },
    {
        "code": "XRP/USDT",
        "id": 17,
        "price": 0.45894,
        "stop_price": null,
        "created_at": "2021-03-06 20:00:00+08:00",
        "updated_at": "2021-03-06 20:00:00+08:00",
        "side": "BUY",
        "asset_type": "Crypto",
        "order_type": "MARKET",
        "currency": "USD",
        "msg": "",
        "ioc": false,
        "commission": 199.40094,
        "quantity": 434481.5,
        "init_quantity": 434481.5,
        "cost": 199400.93961,
        "pnl": 0,
        "remain_ttl": "gtc",
        "ttl": "gtc",
        "is_open": true,
        "done": true,
        "pnl_net": -199.40094
    },
    {
        "code": "XRP/USDT",
        "id": 18,
        "price": 0.46251,
        "stop_price": null,
        "created_at": "2021-03-06 23:00:00+08:00",
        "updated_at": "2021-03-06 23:00:00+08:00",
        "side": "SELL",
        "asset_type": "Crypto",
        "order_type": "MARKET",
        "currency": "USD",
        "msg": "",
        "ioc": true,
        "commission": 199.800157,
        "quantity": 431991.0,
        "init_quantity": 431991.0,
        "cost": 199800.15741,
        "pnl": 1753.0194779999786,
        "remain_ttl": "gtc",
        "ttl": "gtc",
        "is_open": false,
        "done": true,
        "pnl_net": 1553.2193209999787
    },
    {
        "code": "XRP/USDT",
        "id": 19,
        "price": 0.46135,
        "stop_price": null,
        "created_at": "2021-03-07 03:45:00+08:00",
        "updated_at": "2021-03-07 03:45:00+08:00",
        "side": "BUY",
        "asset_type": "Crypto",
        "order_type": "MARKET",
        "currency": "USD",
        "msg": "",
        "ioc": false,
        "commission": 199.40096,
        "quantity": 432211.9,
        "init_quantity": 432211.9,
        "cost": 199400.960065,
        "pnl": 0,
        "remain_ttl": "gtc",
        "ttl": "gtc",
        "is_open": true,
        "done": true,
        "pnl_net": -199.40096
    },
    {
        "code": "XRP/USDT",
        "id": 20,
        "price": 0.4651,
        "stop_price": null,
        "created_at": "2021-03-07 16:45:00+08:00",
        "updated_at": "2021-03-07 16:45:00+08:00",
        "side": "SELL",
        "asset_type": "Crypto",
        "order_type": "MARKET",
        "currency": "USD",
        "msg": "",
        "ioc": true,
        "commission": 199.80017,
        "quantity": 429585.4,
        "init_quantity": 429585.4,
        "cost": 199800.16954,
        "pnl": 1760.440969199996,
        "remain_ttl": "gtc",
        "ttl": "gtc",
        "is_open": false,
        "done": true,
        "pnl_net": 1560.640799199996
    },
    {
        "code": "XRP/USDT",
        "id": 21,
        "price": 0.4645,
        "stop_price": null,
        "created_at": "2021-03-08 03:00:00+08:00",
        "updated_at": "2021-03-08 03:00:00+08:00",
        "side": "BUY",
        "asset_type": "Crypto",
        "order_type": "MARKET",
        "currency": "USD",
        "msg": "",
        "ioc": false,
        "commission": 199.400978,
        "quantity": 429280.9,
        "init_quantity": 429280.9,
        "cost": 199400.97805,
        "pnl": 0,
        "remain_ttl": "gtc",
        "ttl": "gtc",
        "is_open": true,
        "done": true,
        "pnl_net": -199.400978
    },
    {
        "code": "XRP/USDT",
        "id": 22,
        "price": 0.47926,
        "stop_price": null,
        "created_at": "2021-03-08 17:45:00+08:00",
        "updated_at": "2021-03-08 17:45:00+08:00",
        "side": "SELL",
        "asset_type": "Crypto",
        "order_type": "MARKET",
        "currency": "USD",
        "msg": "",
        "ioc": true,
        "commission": 199.800187,
        "quantity": 416893.1,
        "init_quantity": 416893.1,
        "cost": 199800.187106,
        "pnl": 6336.358226900007,
        "remain_ttl": "gtc",
        "ttl": "gtc",
        "is_open": false,
        "done": true,
        "pnl_net": 6136.558039900007
    },
    {
        "code": "XRP/USDT",
        "id": 23,
        "price": 0.47945,
        "stop_price": null,
        "created_at": "2021-03-09 07:00:00+08:00",
        "updated_at": "2021-03-09 07:00:00+08:00",
        "side": "BUY",
        "asset_type": "Crypto",
        "order_type": "MARKET",
        "currency": "USD",
        "msg": "",
        "ioc": false,
        "commission": 199.400954,
        "quantity": 415895.2,
        "init_quantity": 415895.2,
        "cost": 199400.95364,
        "pnl": 0,
        "remain_ttl": "gtc",
        "ttl": "gtc",
        "is_open": true,
        "done": true,
        "pnl_net": -199.400954
    }
]