[
    {
        "pnl_daily": 0.0,
        "total_commission": 0.0,
        "pnl": 0.0,
        "pnl_mtd": 0.0,
        "pnl_ytd": 0.0,
        "market_value": 0.0,
        "realized_pnl": 0.0,
        "unrealized_pnl": 0.0,
        "net_cost": 0.0,
        "positions": [],
        "number_of_holdings": 0,
        "datetime": "2021-03-01 23:55:00+08:00",
        "available_cash": 55800,
        "total_asset": 55800
    },
    {
        "pnl_daily": 0.0,
        "total_commission": 0.0,
        "pnl": 0.0,
        "pnl_mtd": 0.0,
        "pnl_ytd": 0.0,
        "market_value": 0.0,
        "realized_pnl": 0.0,
        "unrealized_pnl": 0.0,
        "net_cost": 0.0,
        "positions": [],
        "number_of_holdings": 0,
        "datetime": "2021-03-02 23:55:00+08:00",
        "available_cash": 55800,
        "total_asset": 55800
    },
    {
        "pnl_daily": 0.0,
        "total_commission": 0.0,
        "pnl": 0.0,
        "pnl_mtd": 0.0,
        "pnl_ytd": 0.0,
        "market_value": 0.0,
        "realized_pnl": 0.0,
        "unrealized_pnl": 0.0,
        "net_cost": 0.0,
        "positions": [],
        "number_of_holdings": 0,
        "datetime": "2021-03-03 23:55:00+08:00",
        "available_cash": 55800,
        "total_asset": 55800
    },
    {
        "pnl_daily": 0.0,
        "total_commission": 0.0,
        "pnl": 0.0,
        "pnl_mtd": 0.0,
        "pnl_ytd": 0.0,
        "market_value": 0.0,
        "realized_pnl": 0.0,
        "unrealized_pnl": 0.0,
        "net_cost": 0.0,
        "positions": [],
        "number_of_holdings": 0,
        "datetime": "2021-03-04 23:55:00+08:00",
        "available_cash": 55800,
        "total_asset": 55800
    },
    {
        "pnl_daily": 0.0,
        "total_commission": 0.0,
        "pnl": 0.0,
        "pnl_mtd": 0.0,
        "pnl_ytd": 0.0,
        "market_value": 0.0,
        "realized_pnl": 0.0,
        "unrealized_pnl": 0.0,
        "net_cost": 0.0,
        "positions": [],
        "number_of_holdings": 0,
        "datetime": "2021-03-05 23:55:00+08:00",
        "available_cash": 55800,
        "total_asset": 55800
    },
    {
        "pnl_daily": 0.0,
        "total_commission": 0.0,
        "pnl": 0.0,
        "pnl_mtd": 0.0,
        "pnl_ytd": 0.0,
        "market_value": 0.0,
        "realized_pnl": 0.0,
        "unrealized_pnl": 0.0,
        "net_cost": 0.0,
        "positions": [],
        "number_of_holdings": 0,
        "datetime": "2021-03-06 23:55:00+08:00",
        "available_cash": 55800,
        "total_asset": 55800
    },
    {
        "pnl_daily": 0.0,
        "total_commission": 0.0,
        "pnl": 0.0,
        "pnl_mtd": 0.0,
        "pnl_ytd": 0.0,
        "market_value": 0.0,
        "realized_pnl": 0.0,
        "unrealized_pnl": 0.0,
        "net_cost": 0.0,
        "positions": [],
        "number_of_holdings": 0,
        "datetime": "2021-03-07 23:55:00+08:00",
        "available_cash": 55800,
        "total_asset": 55800
    },
    {
        "pnl_daily": 0.0,
        "total_commission": 0.0,
        "pnl": 0.0,
        "pnl_mtd": 0.0,
        "pnl_ytd": 0.0,
        "market_value": 0.0,
        "realized_pnl": 0.0,
        "unrealized_pnl": 0.0,
        "net_cost": 0.0,
        "positions": [],
        "number_of_holdings": 0,
        "datetime": "2021-03-08 23:55:00+08:00",
        "available_cash": 55800,
        "total_asset": 55800
    },
    {
        "pnl_daily": 0.0,
        "total_commission": 0.0,
        "pnl": 0.0,
        "pnl_mtd": 0.0,
        "pnl_ytd": 0.0,
        "market_value": 0.0,
        "realized_pnl": 0.0,
        "unrealized_pnl": 0.0,
        "net_cost": 0.0,
        "positions": [],
        "number_of_holdings": 0,
        "datetime": "2021-03-09 23:55:00+08:00",
        "available_cash": 55800,
        "total_asset": 55800
    },
    {
        "pnl_daily": 0.0,
        "total_commission": 0.0,
        "pnl": 0.0,
        "pnl_mtd": 0.0,
        "pnl_ytd": 0.0,
        "market_value": 0.0,
        "realized_pnl": 0.0,
        "unrealized_pnl": 0.0,
        "net_cost": 0.0,
        "positions": [],
        "number_of_holdings": 0,
        "datetime": "2021-03-10 23:55:00+08:00",
        "available_cash": 55800,
        "total_asset": 55800
    },
    {
        "pnl_daily": 0.0,
        "total_commission": 0.0,
        "pnl": 0.0,
        "pnl_mtd": 0.0,
        "pnl_ytd": 0.0,
        "market_value": 0.0,
        "realized_pnl": 0.0,
        "unrealized_pnl": 0.0,
        "net_cost": 0.0,
        "positions": [],
        "number_of_holdings": 0,
        "datetime": "2021-03-11 23:55:00+08:00",
        "available_cash": 55800,
        "total_asset": 55800
    },
    {
        "pnl_daily": 0.0,
        "total_commission": 0.0,
        "pnl": 0.0,
        "pnl_mtd": 0.0,
        "pnl_ytd": 0.0,
        "market_value": 0.0,
        "realized_pnl": 0.0,
        "unrealized_pnl": 0.0,
        "net_cost": 0.0,
        "positions": [],
        "number_of_holdings": 0,
        "datetime": "2021-03-12 23:55:00+08:00",
        "available_cash": 55800,
        "total_asset": 55800
    },
    {
        "pnl_daily": 9301.794765,
        "total_commission": 1813.266769,
        "pnl": 9301.794765,
        "pnl_mtd": 9301.794765,
        "pnl_ytd": 9301.794765,
        "market_value": 12.837762,
        "realized_pnl": 9302.074926,
        "unrealized_pnl": -0.280161,
        "net_cost": 63352.072134,
        "positions": [
            {
                "symbol": "ENJ/USDT",
                "avg_price": 2.08221,
                "quantity": 6.3,
                "total_commission": 1813.266769,
                "created_at": "2021-03-13 05:20:00+08:00",
                "updated_at": "2021-03-13 23:55:00+08:00",
                "pnl": 9301.794765,
                "pnl_mtd": 9301.794765,
                "pnl_ytd": 9301.794765,
                "market_value": 12.837762,
                "realized_pnl": 9302.074926,
                "unrealized_pnl": -0.280161,
                "net_cost": 63352.072134,
                "currency": "USD",
                "asset_type": "Crypto",
                "pnl_daily": 9301.794765,
                "latest_price": 2.03774
            }
        ],
        "number_of_holdings": 1,
        "datetime": "2021-03-13 23:55:00+08:00",
        "available_cash": 63275.690235,
        "total_asset": 63288.527997
    },
    {
        "pnl_daily": 18712.93774,
        "total_commission": 4793.959347,
        "pnl": 28014.732505,
        "pnl_mtd": 28014.732505,
        "pnl_ytd": 28014.732505,
        "market_value": 79020.552,
        "realized_pnl": 32083.782217,
        "unrealized_pnl": -4069.049712,
        "net_cost": 83483.531765,
        "positions": [
            {
                "symbol": "ENJ/USDT",
                "avg_price": 2.44998,
                "quantity": 33914.4,
                "total_commission": 4793.959347,
                "created_at": "2021-03-13 05:20:00+08:00",
                "updated_at": "2021-03-14 23:55:00+08:00",
                "pnl": 28014.732505,
                "pnl_mtd": 28014.732505,
                "pnl_ytd": 28014.732505,
                "market_value": 79020.552,
                "realized_pnl": 32083.782217,
                "unrealized_pnl": -4069.049712,
                "net_cost": 83483.531765,
                "currency": "USD",
                "asset_type": "Crypto",
                "pnl_daily": 18712.93774,
                "latest_price": 2.33
            }
        ],
        "number_of_holdings": 1,
        "datetime": "2021-03-14 23:55:00+08:00",
        "available_cash": 0.221158,
        "total_asset": 79020.773158
    },
    {
        "pnl_daily": 33477.672444,
        "total_commission": 11222.289072,
        "pnl": 61492.404949,
        "pnl_mtd": 61492.404949,
        "pnl_ytd": 61492.404949,
        "market_value": 106069.99359,
        "realized_pnl": 62106.202429,
        "unrealized_pnl": -613.79748,
        "net_cost": 108812.95755,
        "positions": [
            {
                "symbol": "ENJ/USDT",
                "avg_price": 2.69057,
                "quantity": 39651.0,
                "total_commission": 11222.289072,
                "created_at": "2021-03-13 05:20:00+08:00",
                "updated_at": "2021-03-15 23:55:00+08:00",
                "pnl": 61492.404949,
                "pnl_mtd": 61492.404949,
                "pnl_ytd": 61492.404949,
                "market_value": 106069.99359,
                "realized_pnl": 62106.202429,
                "unrealized_pnl": -613.79748,
                "net_cost": 108812.95755,
                "currency": "USD",
                "asset_type": "Crypto",
                "pnl_daily": 33477.672444,
                "latest_price": 2.67509
            }
        ],
        "number_of_holdings": 1,
        "datetime": "2021-03-15 23:55:00+08:00",
        "available_cash": 0.122288,
        "total_asset": 106070.115878
    },
    {
        "pnl_daily": 17195.826802,
        "total_commission": 15940.069069,
        "pnl": 78688.231751,
        "pnl_mtd": 78688.231751,
        "pnl_ytd": 78688.231751,
        "market_value": 0.0,
        "realized_pnl": 78688.231751,
        "unrealized_pnl": 0.0,
        "net_cost": 115774.464015,
        "positions": [
            {
                "symbol": "ENJ/USDT",
                "avg_price": 2.48255,
                "quantity": 0.0,
                "total_commission": 15940.069069,
                "created_at": "2021-03-13 05:20:00+08:00",
                "updated_at": "2021-03-16 23:55:00+08:00",
                "pnl": 78688.231751,
                "pnl_mtd": 78688.231751,
                "pnl_ytd": 78688.231751,
                "market_value": 0.0,
                "realized_pnl": 78688.231751,
                "unrealized_pnl": 0.0,
                "net_cost": 115774.464015,
                "currency": "USD",
                "asset_type": "Crypto",
                "pnl_daily": 17195.826802,
                "latest_price": 2.54945
            }
        ],
        "number_of_holdings": 1,
        "datetime": "2021-03-16 23:55:00+08:00",
        "available_cash": 118548.162684,
        "total_asset": 118548.162684
    },
    {
        "pnl_daily": 8689.464125,
        "total_commission": 20558.154568,
        "pnl": 87377.695876,
        "pnl_mtd": 87377.695876,
        "pnl_ytd": 87377.695876,
        "market_value": 0.0,
        "realized_pnl": 87377.695876,
        "unrealized_pnl": 0.0,
        "net_cost": 123710.409606,
        "positions": [
            {
                "symbol": "ENJ/USDT",
                "avg_price": 2.4835,
                "quantity": 0.0,
                "total_commission": 20558.154568,
                "created_at": "2021-03-13 05:20:00+08:00",
                "updated_at": "2021-03-17 23:55:00+08:00",
                "pnl": 87377.695876,
                "pnl_mtd": 87377.695876,
                "pnl_ytd": 87377.695876,
                "market_value": 0.0,
                "realized_pnl": 87377.695876,
                "unrealized_pnl": -0.0,
                "net_cost": 123710.409606,
                "currency": "USD",
                "asset_type": "Crypto",
                "pnl_daily": 8689.464125,
                "latest_price": 2.4596
            }
        ],
        "number_of_holdings": 1,
        "datetime": "2021-03-17 23:55:00+08:00",
        "available_cash": 122619.54131,
        "total_asset": 122619.54131
    },
    {
        "pnl_daily": 16286.123522,
        "total_commission": 24188.065909,
        "pnl": 103663.819398,
        "pnl_mtd": 103663.819398,
        "pnl_ytd": 103663.819398,
        "market_value": 135275.669176,
        "realized_pnl": 106354.52167,
        "unrealized_pnl": -2690.702272,
        "net_cost": 139094.031727,
        "positions": [
            {
                "symbol": "ENJ/USDT",
                "avg_price": 2.70323,
                "quantity": 51037.6,
                "total_commission": 24188.065909,
                "created_at": "2021-03-13 05:20:00+08:00",
                "updated_at": "2021-03-18 23:55:00+08:00",
                "pnl": 103663.819398,
                "pnl_mtd": 103663.819398,
                "pnl_ytd": 103663.819398,
                "market_value": 135275.669176,
                "realized_pnl": 106354.52167,
                "unrealized_pnl": -2690.702272,
                "net_cost": 139094.031727,
                "currency": "USD",
                "asset_type": "Crypto",
                "pnl_daily": 16286.123522,
                "latest_price": 2.65051
            }
        ],
        "number_of_holdings": 1,
        "datetime": "2021-03-18 23:55:00+08:00",
        "available_cash": 0.084315,
        "total_asset": 135275.753491
    },
    {
        "pnl_daily": -2381.085188,
        "total_commission": 25912.983538,
        "pnl": 101282.73421,
        "pnl_mtd": 101282.73421,
        "pnl_ytd": 101282.73421,
        "market_value": 0.0,
        "realized_pnl": 101282.73421,
        "unrealized_pnl": 0.0,
        "net_cost": 139094.031727,
        "positions": [
            {
                "symbol": "ENJ/USDT",
                "avg_price": 2.54,
                "quantity": 0.0,
                "total_commission": 25912.983538,
                "created_at": "2021-03-13 05:20:00+08:00",
                "updated_at": "2021-03-19 23:55:00+08:00",
                "pnl": 101282.73421,
                "pnl_mtd": 101282.73421,
                "pnl_ytd": 101282.73421,
                "market_value": 0.0,
                "realized_pnl": 101282.73421,
                "unrealized_pnl": -0.0,
                "net_cost": 139094.031727,
                "currency": "USD",
                "asset_type": "Crypto",
                "pnl_daily": -2381.085188,
                "latest_price": 2.48453
            }
        ],
        "number_of_holdings": 1,
        "datetime": "2021-03-19 23:55:00+08:00",
        "available_cash": 131169.750673,
        "total_asset": 131169.750673
    },
    {
        "pnl_daily": -3245.188789,
        "total_commission": 28490.27623,
        "pnl": 98037.545421,
        "pnl_mtd": 98037.545421,
        "pnl_ytd": 98037.545421,
        "market_value": 0.0,
        "realized_pnl": 98037.545421,
        "unrealized_pnl": 0.0,
        "net_cost": 139094.031727,
        "positions": [
            {
                "symbol": "ENJ/USDT",
                "avg_price": 2.21169,
                "quantity": 0.0,
                "total_commission": 28490.27623,
                "created_at": "2021-03-13 05:20:00+08:00",
                "updated_at": "2021-03-20 23:55:00+08:00",
                "pnl": 98037.545421,
                "pnl_mtd": 98037.545421,
                "pnl_ytd": 98037.545421,
                "market_value": 0.0,
                "realized_pnl": 98037.545421,
                "unrealized_pnl": -0.0,
                "net_cost": 139094.031727,
                "currency": "USD",
                "asset_type": "Crypto",
                "pnl_daily": -3245.188789,
                "latest_price": 2.19916
            }
        ],
        "number_of_holdings": 1,
        "datetime": "2021-03-20 23:55:00+08:00",
        "available_cash": 125347.269192,
        "total_asset": 125347.269192
    },
    {
        "pnl_daily": 25090.99979,
        "total_commission": 33395.201195,
        "pnl": 123128.545211,
        "pnl_mtd": 123128.545211,
        "pnl_ytd": 123128.545211,
        "market_value": 1707.086392,
        "realized_pnl": 123111.498489,
        "unrealized_pnl": 17.046722,
        "net_cost": 144225.516471,
        "positions": [
            {
                "symbol": "ENJ/USDT",
                "avg_price": 2.40815,
                "quantity": 701.8,
                "total_commission": 33395.201195,
                "created_at": "2021-03-13 05:20:00+08:00",
                "updated_at": "2021-03-21 23:55:00+08:00",
                "pnl": 123128.545211,
                "pnl_mtd": 123128.545211,
                "pnl_ytd": 123128.545211,
                "market_value": 1707.086392,
                "realized_pnl": 123111.498489,
                "unrealized_pnl": 17.046722,
                "net_cost": 144225.516471,
                "currency": "USD",
                "asset_type": "Crypto",
                "pnl_daily": 25090.99979,
                "latest_price": 2.43244
            }
        ],
        "number_of_holdings": 1,
        "datetime": "2021-03-21 23:55:00+08:00",
        "available_cash": 143826.257623,
        "total_asset": 145533.344015
    },
    {
        "pnl_daily": -7354.934723,
        "total_commission": 36073.198613,
        "pnl": 115773.610488,
        "pnl_mtd": 115773.610488,
        "pnl_ytd": 115773.610488,
        "market_value": 135500.2036,
        "realized_pnl": 115773.610488,
        "unrealized_pnl": 0.0,
        "net_cost": 147168.773401,
        "positions": [
            {
                "symbol": "ENJ/USDT",
                "avg_price": 2.1572,
                "quantity": 62813.0,
                "total_commission": 36073.198613,
                "created_at": "2021-03-13 05:20:00+08:00",
                "updated_at": "2021-03-22 23:55:00+08:00",
                "pnl": 115773.610488,
                "pnl_mtd": 115773.610488,
                "pnl_ytd": 115773.610488,
                "market_value": 135500.2036,
                "realized_pnl": 115773.610488,
                "unrealized_pnl": 0.0,
                "net_cost": 147168.773401,
                "currency": "USD",
                "asset_type": "Crypto",
                "pnl_daily": -7354.934723,
                "latest_price": 2.1572
            }
        ],
        "number_of_holdings": 1,
        "datetime": "2021-03-22 23:55:00+08:00",
        "available_cash": 0.208274,
        "total_asset": 135500.411874
    },
    {
        "pnl_daily": -672.269509,
        "total_commission": 39784.757502,
        "pnl": 115101.340979,
        "pnl_mtd": 115101.340979,
        "pnl_ytd": 115101.340979,
        "market_value": 131116.416127,
        "realized_pnl": 114688.202661,
        "unrealized_pnl": 413.138318,
        "net_cost": 147168.773401,
        "positions": [
            {
                "symbol": "ENJ/USDT",
                "avg_price": 2.04373,
                "quantity": 63953.3,
                "total_commission": 39784.757502,
                "created_at": "2021-03-13 05:20:00+08:00",
                "updated_at": "2021-03-23 23:55:00+08:00",
                "pnl": 115101.340979,
                "pnl_mtd": 115101.340979,
                "pnl_ytd": 115101.340979,
                "market_value": 131116.416127,
                "realized_pnl": 114688.202661,
                "unrealized_pnl": 413.138318,
                "net_cost": 147168.773401,
                "currency": "USD",
                "asset_type": "Crypto",
                "pnl_daily": -672.269509,
                "latest_price": 2.05019
            }
        ],
        "number_of_holdings": 1,
        "datetime": "2021-03-23 23:55:00+08:00",
        "available_cash": 0.167349,
        "total_asset": 131116.583476
    },
    {
        "pnl_daily": 28525.570335,
        "total_commission": 45441.248549,
        "pnl": 143626.911314,
        "pnl_mtd": 143626.911314,
        "pnl_ytd": 143626.911314,
        "market_value": 153985.455935,
        "realized_pnl": 143626.911314,
        "unrealized_pnl": 0.0,
        "net_cost": 148902.5656,
        "positions": [
            {
                "symbol": "ENJ/USDT",
                "avg_price": 2.14789,
                "quantity": 71691.5,
                "total_commission": 45441.248549,
                "created_at": "2021-03-13 05:20:00+08:00",
                "updated_at": "2021-03-24 23:55:00+08:00",
                "pnl": 143626.911314,
                "pnl_mtd": 143626.911314,
                "pnl_ytd": 143626.911314,
                "market_value": 153985.455935,
                "realized_pnl": 143626.911314,
                "unrealized_pnl": 0.0,
                "net_cost": 148902.5656,
                "currency": "USD",
                "asset_type": "Crypto",
                "pnl_daily": 28525.570335,
                "latest_price": 2.14789
            }
        ],
        "number_of_holdings": 1,
        "datetime": "2021-03-24 23:55:00+08:00",
        "available_cash": 0.206829,
        "total_asset": 153985.662764
    },
    {
        "pnl_daily": 18529.329532,
        "total_commission": 51441.370445,
        "pnl": 162156.240846,
        "pnl_mtd": 162156.240846,
        "pnl_ytd": 162156.240846,
        "market_value": 166514.842494,
        "realized_pnl": 163871.560584,
        "unrealized_pnl": -1715.319738,
        "net_cost": 174329.811838,
        "positions": [
            {
                "symbol": "ENJ/USDT",
                "avg_price": 2.11548,
                "quantity": 79523.4,
                "total_commission": 51441.370445,
                "created_at": "2021-03-13 05:20:00+08:00",
                "updated_at": "2021-03-25 23:55:00+08:00",
                "pnl": 162156.240846,
                "pnl_mtd": 162156.240846,
                "pnl_ytd": 162156.240846,
                "market_value": 166514.842494,
                "realized_pnl": 163871.560584,
                "unrealized_pnl": -1715.319738,
                "net_cost": 174329.811838,
                "currency": "USD",
                "asset_type": "Crypto",
                "pnl_daily": 18529.329532,
                "latest_price": 2.09391
            }
        ],
        "number_of_holdings": 1,
        "datetime": "2021-03-25 23:55:00+08:00",
        "available_cash": 0.027907,
        "total_asset": 166514.870401
    },
    {
        "pnl_daily": 9363.489786,
        "total_commission": 55025.059452,
        "pnl": 171519.730632,
        "pnl_mtd": 171519.730632,
        "pnl_ytd": 171519.730632,
        "market_value": 4503.028215,
        "realized_pnl": 171306.226397,
        "unrealized_pnl": 213.504235,
        "net_cost": 174329.811838,
        "positions": [
            {
                "symbol": "ENJ/USDT",
                "avg_price": 2.22428,
                "quantity": 1928.5,
                "total_commission": 55025.059452,
                "created_at": "2021-03-13 05:20:00+08:00",
                "updated_at": "2021-03-26 23:55:00+08:00",
                "pnl": 171519.730632,
                "pnl_mtd": 171519.730632,
                "pnl_ytd": 171519.730632,
                "market_value": 4503.028215,
                "realized_pnl": 171306.226397,
                "unrealized_pnl": 213.504235,
                "net_cost": 174329.811838,
                "currency": "USD",
                "asset_type": "Crypto",
                "pnl_daily": 9363.489786,
                "latest_price": 2.33499
            }
        ],
        "number_of_holdings": 1,
        "datetime": "2021-03-26 23:55:00+08:00",
        "available_cash": 167791.642965,
        "total_asset": 172294.67118
    },
    {
        "pnl_daily": 9943.724319,
        "total_commission": 58037.221806,
        "pnl": 181463.454951,
        "pnl_mtd": 181463.454951,
        "pnl_ytd": 181463.454951,
        "market_value": 179226.06912,
        "realized_pnl": 180654.531111,
        "unrealized_pnl": 808.92384,
        "net_cost": 178675.543584,
        "positions": [
            {
                "symbol": "ENJ/USDT",
                "avg_price": 2.29163,
                "quantity": 77856.0,
                "total_commission": 58037.221806,
                "created_at": "2021-03-13 05:20:00+08:00",
                "updated_at": "2021-03-27 23:55:00+08:00",
                "pnl": 181463.454951,
                "pnl_mtd": 181463.454951,
                "pnl_ytd": 181463.454951,
                "market_value": 179226.06912,
                "realized_pnl": 180654.531111,
                "unrealized_pnl": 808.92384,
                "net_cost": 178675.543584,
                "currency": "USD",
                "asset_type": "Crypto",
                "pnl_daily": 9943.724319,
                "latest_price": 2.30202
            }
        ],
        "number_of_holdings": 1,
        "datetime": "2021-03-27 23:55:00+08:00",
        "available_cash": 0.164025,
        "total_asset": 179226.233145
    },
    {
        "pnl_daily": 26970.308165,
        "total_commission": 62671.089481,
        "pnl": 208433.763116,
        "pnl_mtd": 208433.763116,
        "pnl_ytd": 208433.763116,
        "market_value": 201562.573082,
        "realized_pnl": 209182.276956,
        "unrealized_pnl": -748.51384,
        "net_cost": 200511.94964,
        "positions": [
            {
                "symbol": "ENJ/USDT",
                "avg_price": 2.48661,
                "quantity": 81360.2,
                "total_commission": 62671.089481,
                "created_at": "2021-03-13 05:20:00+08:00",
                "updated_at": "2021-03-28 23:55:00+08:00",
                "pnl": 208433.763116,
                "pnl_mtd": 208433.763116,
                "pnl_ytd": 208433.763116,
                "market_value": 201562.573082,
                "realized_pnl": 209182.276956,
                "unrealized_pnl": -748.51384,
                "net_cost": 200511.94964,
                "currency": "USD",
                "asset_type": "Crypto",
                "pnl_daily": 26970.308165,
                "latest_price": 2.47741
            }
        ],
        "number_of_holdings": 1,
        "datetime": "2021-03-28 23:55:00+08:00",
        "available_cash": 0.100552,
        "total_asset": 201562.673634
    },
    {
        "pnl_daily": 4202.000992,
        "total_commission": 65657.949528,
        "pnl": 212635.764108,
        "pnl_mtd": 212635.764108,
        "pnl_ytd": 212635.764108,
        "market_value": 3550.104198,
        "realized_pnl": 212584.132854,
        "unrealized_pnl": 51.631254,
        "net_cost": 204735.241278,
        "positions": [
            {
                "symbol": "ENJ/USDT",
                "avg_price": 2.43864,
                "quantity": 1434.6,
                "total_commission": 65657.949528,
                "created_at": "2021-03-13 05:20:00+08:00",
                "updated_at": "2021-03-29 23:55:00+08:00",
                "pnl": 212635.764108,
                "pnl_mtd": 212635.764108,
                "pnl_ytd": 212635.764108,
                "market_value": 3550.104198,
                "realized_pnl": 212584.132854,
                "unrealized_pnl": 51.631254,
                "net_cost": 204735.241278,
                "currency": "USD",
                "asset_type": "Crypto",
                "pnl_daily": 4202.000992,
                "latest_price": 2.47463
            }
        ],
        "number_of_holdings": 1,
        "datetime": "2021-03-29 23:55:00+08:00",
        "available_cash": 199227.710381,
        "total_asset": 202777.814579
    },
    {
        "pnl_daily": 3125.591591,
        "total_commission": 66680.362447,
        "pnl": 215761.355699,
        "pnl_mtd": 215761.355699,
        "pnl_ytd": 215761.355699,
        "market_value": 204880.875004,
        "realized_pnl": 215403.184028,
        "unrealized_pnl": 358.171671,
        "net_cost": 204735.241278,
        "positions": [
            {
                "symbol": "ENJ/USDT",
                "avg_price": 2.44967,
                "quantity": 83489.9,
                "total_commission": 66680.362447,
                "created_at": "2021-03-13 05:20:00+08:00",
                "updated_at": "2021-03-30 23:55:00+08:00",
                "pnl": 215761.355699,
                "pnl_mtd": 215761.355699,
                "pnl_ytd": 215761.355699,
                "market_value": 204880.875004,
                "realized_pnl": 215403.184028,
                "unrealized_pnl": 358.171671,
                "net_cost": 204735.241278,
                "currency": "USD",
                "asset_type": "Crypto",
                "pnl_daily": 3125.591591,
                "latest_price": 2.45396
            }
        ],
        "number_of_holdings": 1,
        "datetime": "2021-03-30 23:55:00+08:00",
        "available_cash": 0.118247,
        "total_asset": 204880.993251
    },
    {
        "pnl_daily": 28887.423298,
        "total_commission": 71857.106905,
        "pnl": 244648.778997,
        "pnl_mtd": 244648.778997,
        "pnl_ytd": 244648.778997,
        "market_value": 0.0,
        "realized_pnl": 244648.778997,
        "unrealized_pnl": 0.0,
        "net_cost": 234012.927049,
        "positions": [
            {
                "symbol": "ENJ/USDT",
                "avg_price": 2.55135,
                "quantity": 0.0,
                "total_commission": 71857.106905,
                "created_at": "2021-03-13 05:20:00+08:00",
                "updated_at": "2021-03-31 23:55:00+08:00",
                "pnl": 244648.778997,
                "pnl_mtd": 244648.778997,
                "pnl_ytd": 244648.778997,
                "market_value": 0.0,
                "realized_pnl": 244648.778997,
                "unrealized_pnl": -0.0,
                "net_cost": 234012.927049,
                "currency": "USD",
                "asset_type": "Crypto",
                "pnl_daily": 28887.423298,
                "latest_price": 2.51846
            }
        ],
        "number_of_holdings": 1,
        "datetime": "2021-03-31 23:55:00+08:00",
        "available_cash": 228591.672091,
        "total_asset": 228591.672091
    },
    {
        "pnl_daily": 7654.213452,
        "total_commission": 75754.139353,
        "pnl": 252302.992449,
        "pnl_mtd": 7654.213452,
        "pnl_ytd": 244648.778997,
        "market_value": 232348.82819,
        "realized_pnl": 252580.415464,
        "unrealized_pnl": -277.423015,
        "net_cost": 234012.927049,
        "positions": [
            {
                "symbol": "ENJ/USDT",
                "avg_price": 2.47365,
                "quantity": 94041.7,
                "total_commission": 75754.139353,
                "created_at": "2021-03-13 05:20:00+08:00",
                "updated_at": "2021-04-01 23:55:00+08:00",
                "pnl": 252302.992449,
                "pnl_mtd": 7654.213452,
                "pnl_ytd": 244648.778997,
                "market_value": 232348.82819,
                "realized_pnl": 252580.415464,
                "unrealized_pnl": -277.423015,
                "net_cost": 234012.927049,
                "currency": "USD",
                "asset_type": "Crypto",
                "pnl_daily": 7654.213452,
                "latest_price": 2.4707
            }
        ],
        "number_of_holdings": 1,
        "datetime": "2021-04-01 23:55:00+08:00",
        "available_cash": 0.024905,
        "total_asset": 232348.853095
    },
    {
        "pnl_daily": 6024.583654,
        "total_commission": 77147.386608,
        "pnl": 258327.576103,
        "pnl_mtd": 13678.797106,
        "pnl_ytd": 250673.362651,
        "market_value": 236980.16433,
        "realized_pnl": 256738.001012,
        "unrealized_pnl": 1589.575091,
        "net_cost": 234012.927049,
        "positions": [
            {
                "symbol": "ENJ/USDT",
                "avg_price": 2.52187,
                "quantity": 93339.7,
                "total_commission": 77147.386608,
                "created_at": "2021-03-13 05:20:00+08:00",
                "updated_at": "2021-04-02 23:55:00+08:00",
                "pnl": 258327.576103,
                "pnl_mtd": 13678.797106,
                "pnl_ytd": 250673.362651,
                "market_value": 236980.16433,
                "realized_pnl": 256738.001012,
                "unrealized_pnl": 1589.575091,
                "net_cost": 234012.927049,
                "currency": "USD",
                "asset_type": "Crypto",
                "pnl_daily": 6024.583654,
                "latest_price": 2.5389
            }
        ],
        "number_of_holdings": 1,
        "datetime": "2021-04-02 23:55:00+08:00",
        "available_cash": 0.025164,
        "total_asset": 236980.189494
    },
    {
        "pnl_daily": -4332.638371,
        "total_commission": 77842.386289,
        "pnl": 253994.937732,
        "pnl_mtd": 9346.158735,
        "pnl_ytd": 246340.72428,
        "market_value": 0.0,
        "realized_pnl": 253994.937732,
        "unrealized_pnl": 0.0,
        "net_cost": 235390.589239,
        "positions": [
            {
                "symbol": "ENJ/USDT",
                "avg_price": 2.49651,
                "quantity": 0.0,
                "total_commission": 77842.386289,
                "created_at": "2021-03-13 05:20:00+08:00",
                "updated_at": "2021-04-03 16:30:00+08:00",
                "pnl": 253994.937732,
                "pnl_mtd": 9346.158735,
                "pnl_ytd": 246340.72428,
                "market_value": 0.0,
                "realized_pnl": 253994.937732,
                "unrealized_pnl": -0.0,
                "net_cost": 235390.589239,
                "currency": "USD",
                "asset_type": "Crypto",
                "pnl_daily": -4332.638371,
                "latest_price": 2.47199
            }
        ],
        "number_of_holdings": 1,
        "datetime": "2021-04-03 16:30:00+08:00",
        "available_cash": 231952.551442,
        "total_asset": 231952.551442
    }
]